               epoch,      train/box_loss,      train/obj_loss,      train/cls_loss,   metrics/precision,      metrics/recall,     metrics/mAP_0.5,metrics/mAP_0.5:0.95,        val/box_loss,        val/obj_loss,        val/cls_loss,               x/lr0,               x/lr1,               x/lr2
                   0,            0.084286,            0.056154,            0.030569,             0.79246,             0.78898,             0.84485,             0.49694,            0.044039,            0.034043,            0.009761,            0.068373,           0.0016646,           0.0016646
                   1,             0.05629,            0.040095,           0.0070439,             0.92192,             0.92258,             0.95553,             0.67169,            0.035797,            0.026646,           0.0029355,            0.036673,           0.0032983,           0.0032983
                   2,            0.047754,            0.034231,           0.0040798,             0.97578,             0.96392,             0.97954,             0.72661,            0.027068,            0.020966,            0.002508,           0.0049407,            0.004899,            0.004899
                   3,            0.038885,            0.029577,           0.0030297,             0.98771,             0.97733,             0.98824,             0.76052,            0.025263,            0.017652,           0.0019753,           0.0048515,           0.0048515,           0.0048515
                   4,            0.032832,            0.026398,           0.0024275,             0.98963,             0.97972,             0.98971,             0.82798,            0.019728,            0.015465,           0.0016064,           0.0048515,           0.0048515,           0.0048515
                   5,            0.029577,            0.024589,           0.0020617,             0.99059,             0.98175,             0.99088,             0.81386,            0.018301,            0.014205,           0.0015421,            0.004802,            0.004802,            0.004802
                   6,             0.02723,            0.023194,           0.0018561,             0.99303,              0.9826,             0.99102,              0.8309,            0.018527,            0.013848,           0.0014267,           0.0047525,           0.0047525,           0.0047525
                   7,            0.025918,            0.022555,           0.0017347,             0.99249,             0.98691,             0.99239,             0.84899,             0.01571,            0.012601,           0.0014266,            0.004703,            0.004703,            0.004703
                   8,            0.024627,            0.021854,           0.0016247,             0.99363,             0.98784,             0.99272,             0.85412,             0.01648,            0.012591,           0.0013305,           0.0046535,           0.0046535,           0.0046535
                   9,            0.023685,            0.021182,           0.0015042,             0.99418,             0.98948,             0.99295,             0.86372,            0.015199,             0.01195,           0.0012172,            0.004604,            0.004604,            0.004604
                  10,             0.02313,            0.020867,           0.0014576,             0.99356,             0.98789,             0.99288,             0.86193,             0.01478,            0.011971,           0.0010475,           0.0045545,           0.0045545,           0.0045545
                  11,            0.022293,            0.020231,           0.0013749,             0.99466,              0.9893,              0.9931,             0.86297,            0.014585,            0.011643,           0.0011014,            0.004505,            0.004505,            0.004505
                  12,            0.021727,            0.020035,           0.0013257,             0.99426,             0.99074,             0.99356,             0.85527,            0.015555,            0.011628,           0.0010277,           0.0044555,           0.0044555,           0.0044555
                  13,            0.021287,            0.019749,           0.0012428,             0.99542,             0.99134,             0.99366,             0.87795,            0.013648,            0.010966,           0.0010165,            0.004406,            0.004406,            0.004406
                  14,            0.020901,            0.019504,           0.0012287,             0.99506,             0.99062,             0.99343,             0.86436,            0.015196,            0.011599,          0.00093168,           0.0043565,           0.0043565,           0.0043565
                  15,            0.020459,            0.019301,           0.0012165,             0.99574,             0.99137,             0.99362,             0.87646,            0.014328,             0.01116,          0.00092468,            0.004307,            0.004307,            0.004307
                  16,             0.02011,            0.019113,            0.001186,              0.9949,              0.9913,              0.9937,             0.88139,            0.013544,            0.010887,          0.00088568,           0.0042575,           0.0042575,           0.0042575
                  17,            0.019759,            0.018818,           0.0011732,             0.99521,             0.99191,             0.99365,             0.85918,            0.014671,            0.011188,          0.00091265,            0.004208,            0.004208,            0.004208
                  18,            0.019302,            0.018543,           0.0010812,              0.9963,             0.99119,             0.99389,             0.88531,            0.013354,            0.010662,          0.00087195,           0.0041585,           0.0041585,           0.0041585
                  19,            0.019146,             0.01838,            0.001063,             0.99607,             0.99222,             0.99398,             0.88342,            0.013429,            0.010617,          0.00085897,            0.004109,            0.004109,            0.004109
                  20,            0.018813,            0.018255,           0.0010729,               0.996,             0.99225,             0.99403,              0.8821,            0.013189,            0.010497,           0.0007811,           0.0040595,           0.0040595,           0.0040595
                  21,            0.018678,            0.018117,           0.0010479,             0.99584,             0.99217,             0.99393,             0.87799,            0.013556,            0.010628,          0.00084378,             0.00401,             0.00401,             0.00401
                  22,            0.018332,            0.017984,           0.0010145,             0.99646,             0.99271,             0.99416,             0.88473,            0.013418,            0.010488,          0.00076849,           0.0039605,           0.0039605,           0.0039605
                  23,            0.018141,             0.01784,          0.00098954,             0.99681,             0.99317,             0.99413,             0.89059,            0.013021,            0.010236,           0.0007838,            0.003911,            0.003911,            0.003911
                  24,            0.018014,            0.017788,          0.00097314,             0.99575,             0.99376,             0.99424,             0.89003,            0.013024,            0.010265,          0.00074645,           0.0038615,           0.0038615,           0.0038615
                  25,            0.017682,            0.017452,          0.00094467,             0.99689,             0.99338,             0.99421,             0.89187,            0.012796,            0.010184,          0.00071314,            0.003812,            0.003812,            0.003812
                  26,            0.017589,            0.017414,          0.00093015,              0.9968,             0.99385,              0.9942,             0.88887,            0.012941,            0.010206,          0.00070141,           0.0037625,           0.0037625,           0.0037625
                  27,            0.017461,            0.017366,          0.00092552,             0.99606,              0.9943,             0.99429,             0.89163,            0.013084,            0.010314,          0.00070506,            0.003713,            0.003713,            0.003713
                  28,             0.01722,             0.01728,          0.00093233,              0.9974,              0.9936,              0.9943,              0.8957,            0.012457,           0.0099893,          0.00070978,           0.0036635,           0.0036635,           0.0036635
                  29,            0.017018,            0.017074,          0.00089916,             0.99685,             0.99397,             0.99435,             0.89855,            0.012519,           0.0099343,          0.00067027,            0.003614,            0.003614,            0.003614
                  30,            0.016865,            0.016956,           0.0008841,             0.99697,             0.99441,             0.99448,             0.89749,            0.012301,           0.0098354,          0.00067417,           0.0035645,           0.0035645,           0.0035645
                  31,            0.016783,            0.016854,          0.00088726,             0.99694,             0.99444,             0.99439,             0.89537,            0.012501,            0.009916,          0.00066303,            0.003515,            0.003515,            0.003515
                  32,            0.016573,             0.01686,          0.00082721,             0.99694,             0.99406,              0.9944,              0.9005,            0.012123,           0.0097228,            0.000653,           0.0034655,           0.0034655,           0.0034655
                  33,            0.016359,             0.01667,          0.00082869,             0.99706,             0.99487,             0.99443,             0.90445,             0.01201,           0.0096386,          0.00062383,            0.003416,            0.003416,            0.003416
                  34,            0.016295,            0.016641,          0.00081582,             0.99661,             0.99505,              0.9944,             0.90108,            0.012087,           0.0096762,          0.00061906,           0.0033665,           0.0033665,           0.0033665
                  35,            0.016213,            0.016661,          0.00082918,             0.99694,             0.99518,              0.9944,             0.90205,            0.012176,           0.0097208,          0.00060844,            0.003317,            0.003317,            0.003317
                  36,            0.016033,            0.016465,          0.00079982,             0.99676,             0.99488,             0.99441,             0.90266,            0.012061,           0.0097197,          0.00061422,           0.0032675,           0.0032675,           0.0032675
                  37,            0.015781,            0.016257,           0.0007889,             0.99681,             0.99482,             0.99445,             0.90802,            0.011793,           0.0095113,          0.00060295,            0.003218,            0.003218,            0.003218
                  38,            0.015718,            0.016373,          0.00080416,             0.99741,             0.99508,             0.99452,             0.90964,            0.011782,           0.0094453,           0.0005908,           0.0031685,           0.0031685,           0.0031685
                  39,            0.015776,            0.016293,          0.00078175,             0.99739,             0.99498,             0.99453,             0.90983,            0.011718,           0.0094343,          0.00057306,            0.003119,            0.003119,            0.003119
                  40,            0.015687,            0.016188,          0.00076966,             0.99751,             0.99494,             0.99451,             0.90931,             0.01168,           0.0094306,          0.00056354,           0.0030695,           0.0030695,           0.0030695
                  41,            0.015384,            0.016136,          0.00076694,             0.99749,             0.99547,             0.99459,             0.91026,            0.011663,           0.0094056,          0.00054924,             0.00302,             0.00302,             0.00302
                  42,            0.015295,            0.015922,          0.00073244,             0.99762,             0.99522,             0.99455,             0.91214,            0.011564,           0.0093657,          0.00053678,           0.0029705,           0.0029705,           0.0029705
                  43,            0.015183,            0.015902,          0.00073894,             0.99796,             0.99501,             0.99458,             0.91036,            0.011605,           0.0093527,          0.00053591,            0.002921,            0.002921,            0.002921
                  44,            0.015102,            0.015927,          0.00075082,             0.99742,             0.99528,             0.99454,             0.90985,            0.011664,           0.0093444,          0.00051552,           0.0028715,           0.0028715,           0.0028715
                  45,            0.015006,            0.015828,          0.00073728,             0.99809,             0.99541,              0.9946,             0.91041,            0.011647,           0.0093277,          0.00050503,            0.002822,            0.002822,            0.002822
                  46,            0.014934,            0.015772,           0.0006808,              0.9977,             0.99579,             0.99462,             0.91081,            0.011577,           0.0092908,          0.00049949,           0.0027725,           0.0027725,           0.0027725
                  47,            0.014777,            0.015688,          0.00069548,             0.99787,             0.99565,             0.99461,             0.91108,            0.011514,           0.0092669,          0.00048937,            0.002723,            0.002723,            0.002723
                  48,            0.014682,            0.015581,          0.00068517,              0.9979,             0.99556,             0.99456,             0.91376,            0.011481,           0.0092459,          0.00047773,           0.0026735,           0.0026735,           0.0026735
                  49,            0.014565,            0.015537,           0.0006816,             0.99752,             0.99591,              0.9946,             0.91477,            0.011424,           0.0091787,          0.00047611,            0.002624,            0.002624,            0.002624
                  50,            0.014512,            0.015502,          0.00066783,              0.9979,             0.99557,              0.9946,             0.91427,            0.011447,           0.0091825,          0.00046786,           0.0025745,           0.0025745,           0.0025745
                  51,            0.014427,             0.01536,          0.00067179,             0.99784,             0.99578,              0.9946,             0.91449,             0.01137,            0.009154,          0.00046436,            0.002525,            0.002525,            0.002525
                  52,            0.014388,            0.015393,          0.00066844,             0.99771,              0.9958,             0.99464,             0.91487,            0.011353,           0.0091354,          0.00045943,           0.0024755,           0.0024755,           0.0024755
                  53,            0.014251,            0.015231,          0.00066501,             0.99765,             0.99609,             0.99469,             0.91486,             0.01133,           0.0091081,          0.00045378,            0.002426,            0.002426,            0.002426
                  54,            0.014212,            0.015162,          0.00063931,             0.99778,              0.9961,             0.99466,             0.91538,            0.011309,           0.0090888,          0.00044737,           0.0023765,           0.0023765,           0.0023765
                  55,            0.014085,            0.015163,          0.00063464,             0.99799,             0.99592,             0.99471,             0.91582,            0.011259,           0.0090582,          0.00044017,            0.002327,            0.002327,            0.002327
                  56,            0.014037,            0.015191,          0.00064498,             0.99816,               0.996,              0.9947,             0.91698,            0.011233,           0.0090358,          0.00043551,           0.0022775,           0.0022775,           0.0022775
                  57,            0.014029,            0.015024,          0.00062574,              0.9978,             0.99617,              0.9947,             0.91744,            0.011207,           0.0090211,          0.00043014,            0.002228,            0.002228,            0.002228
                  58,            0.013765,            0.014972,          0.00061443,             0.99781,             0.99616,              0.9947,             0.91899,            0.011162,           0.0089985,          0.00042382,           0.0021785,           0.0021785,           0.0021785
                  59,             0.01382,            0.014865,          0.00063463,             0.99776,             0.99589,             0.99465,             0.91923,            0.011157,           0.0089993,          0.00041846,            0.002129,            0.002129,            0.002129
                  60,            0.013726,            0.014845,          0.00060038,             0.99761,              0.9963,             0.99468,             0.91949,            0.011129,           0.0089795,          0.00041174,           0.0020795,           0.0020795,           0.0020795
                  61,            0.013726,            0.014864,          0.00061508,             0.99767,             0.99627,             0.99467,             0.91836,            0.011159,           0.0089807,          0.00040722,             0.00203,             0.00203,             0.00203
                  62,            0.013463,            0.014707,          0.00060609,             0.99786,             0.99607,             0.99466,             0.91917,            0.011122,            0.008958,          0.00040165,           0.0019805,           0.0019805,           0.0019805
                  63,            0.013484,            0.014747,          0.00060709,             0.99762,             0.99612,             0.99469,             0.91909,            0.011119,           0.0089568,          0.00039534,            0.001931,            0.001931,            0.001931
                  64,            0.013385,            0.014554,          0.00057749,             0.99778,              0.9961,             0.99468,             0.91916,            0.011125,           0.0089547,          0.00039031,           0.0018815,           0.0018815,           0.0018815
                  65,            0.013327,            0.014569,          0.00057325,             0.99771,             0.99619,             0.99468,             0.91964,            0.011107,            0.008942,          0.00038429,            0.001832,            0.001832,            0.001832
                  66,            0.013243,            0.014444,          0.00057207,             0.99787,             0.99616,              0.9947,             0.91975,            0.011098,           0.0089286,          0.00037829,           0.0017825,           0.0017825,           0.0017825
                  67,            0.013275,            0.014506,          0.00059639,             0.99791,             0.99624,              0.9947,             0.92054,            0.011072,           0.0089099,          0.00036888,            0.001733,            0.001733,            0.001733
                  68,            0.013085,            0.014386,           0.0005684,             0.99788,             0.99635,             0.99469,             0.92077,            0.011058,           0.0089017,          0.00036453,           0.0016835,           0.0016835,           0.0016835
                  69,            0.013082,            0.014419,          0.00056335,             0.99793,             0.99622,             0.99469,             0.92082,            0.011044,           0.0088893,          0.00035984,            0.001634,            0.001634,            0.001634
                  70,            0.013002,            0.014337,           0.0005723,             0.99807,             0.99629,             0.99469,             0.92086,            0.011033,           0.0088838,          0.00035546,           0.0015845,           0.0015845,           0.0015845
                  71,            0.013014,            0.014371,          0.00056217,             0.99793,             0.99633,             0.99469,             0.92104,            0.011022,           0.0088781,          0.00035133,            0.001535,            0.001535,            0.001535
                  72,            0.012908,            0.014269,          0.00055778,             0.99817,             0.99615,             0.99468,             0.92092,            0.011028,           0.0088778,          0.00034694,           0.0014855,           0.0014855,           0.0014855
                  73,            0.012879,            0.014263,          0.00055114,             0.99815,             0.99623,             0.99469,             0.92129,            0.011013,           0.0088685,          0.00034276,            0.001436,            0.001436,            0.001436
                  74,            0.012785,             0.01418,          0.00054733,               0.998,             0.99629,              0.9947,             0.92152,            0.010981,           0.0088534,          0.00033931,           0.0013865,           0.0013865,           0.0013865
                  75,            0.012769,            0.014185,          0.00052077,             0.99795,             0.99626,              0.9947,             0.92164,            0.010971,            0.008848,          0.00033551,            0.001337,            0.001337,            0.001337
                  76,            0.012631,            0.014108,          0.00053195,              0.9979,             0.99624,              0.9947,             0.92162,            0.010967,           0.0088452,          0.00033193,           0.0012875,           0.0012875,           0.0012875
                  77,            0.012614,            0.014029,           0.0005484,             0.99805,             0.99622,              0.9947,             0.92146,            0.010958,           0.0088407,          0.00032844,            0.001238,            0.001238,            0.001238
                  78,            0.012619,            0.014072,          0.00051817,             0.99808,             0.99629,              0.9947,             0.92189,            0.010943,           0.0088309,          0.00032502,           0.0011885,           0.0011885,           0.0011885
                  79,            0.012481,            0.013935,          0.00048985,             0.99811,             0.99629,              0.9947,             0.92226,            0.010927,           0.0088209,          0.00032176,            0.001139,            0.001139,            0.001139
                  80,            0.012388,            0.013868,          0.00051096,             0.99812,             0.99639,              0.9947,             0.92214,            0.010919,           0.0088163,          0.00031866,           0.0010895,           0.0010895,           0.0010895
                  81,            0.012494,             0.01385,          0.00052151,             0.99816,             0.99639,             0.99471,             0.92239,            0.010909,           0.0088112,          0.00031581,             0.00104,             0.00104,             0.00104
                  82,            0.012418,            0.013911,          0.00051617,             0.99815,             0.99643,             0.99472,             0.92253,            0.010897,           0.0088034,          0.00031305,           0.0009905,           0.0009905,           0.0009905
                  83,             0.01234,            0.013789,          0.00050538,             0.99814,             0.99648,             0.99471,             0.92264,            0.010884,           0.0087963,          0.00031051,            0.000941,            0.000941,            0.000941
                  84,            0.012217,            0.013776,          0.00049532,             0.99807,              0.9965,             0.99471,             0.92283,            0.010877,           0.0087923,          0.00030819,           0.0008915,           0.0008915,           0.0008915
                  85,            0.012317,            0.013665,           0.0004947,             0.99812,             0.99651,             0.99471,             0.92288,            0.010871,           0.0087889,          0.00030614,            0.000842,            0.000842,            0.000842
                  86,            0.012183,            0.013602,          0.00051034,             0.99817,             0.99651,             0.99471,             0.92274,            0.010862,           0.0087844,          0.00030424,           0.0007925,           0.0007925,           0.0007925
                  87,            0.012066,            0.013502,          0.00049281,              0.9981,             0.99648,             0.99471,             0.92326,            0.010852,           0.0087794,           0.0003025,            0.000743,            0.000743,            0.000743
                  88,            0.012151,             0.01362,          0.00048061,             0.99808,             0.99648,             0.99471,              0.9233,            0.010845,           0.0087762,          0.00030094,           0.0006935,           0.0006935,           0.0006935
                  89,            0.012079,            0.013579,          0.00049455,             0.99803,             0.99649,             0.99471,             0.92312,             0.01084,           0.0087738,          0.00029953,            0.000644,            0.000644,            0.000644
                  90,            0.012032,            0.013553,          0.00049119,               0.998,              0.9965,             0.99471,             0.92315,            0.010836,           0.0087716,          0.00029831,           0.0005945,           0.0005945,           0.0005945
                  91,            0.011883,            0.013357,          0.00048068,             0.99797,              0.9965,             0.99471,             0.92326,             0.01083,           0.0087683,          0.00029713,            0.000545,            0.000545,            0.000545
                  92,            0.011927,            0.013406,          0.00047925,             0.99807,             0.99657,             0.99472,             0.92322,            0.010824,           0.0087664,          0.00029618,           0.0004955,           0.0004955,           0.0004955
                  93,            0.011926,            0.013472,          0.00046625,             0.99806,             0.99655,             0.99472,             0.92333,            0.010822,           0.0087649,          0.00029535,            0.000446,            0.000446,            0.000446
                  94,            0.011892,            0.013369,          0.00048618,             0.99807,             0.99657,             0.99471,             0.92325,             0.01082,           0.0087647,          0.00029463,           0.0003965,           0.0003965,           0.0003965
                  95,            0.011885,             0.01334,          0.00047411,               0.998,             0.99663,             0.99472,             0.92311,            0.010815,           0.0087621,          0.00029394,            0.000347,            0.000347,            0.000347
                  96,            0.011769,            0.013305,          0.00045925,             0.99802,             0.99665,             0.99472,              0.9233,             0.01081,           0.0087594,          0.00029329,           0.0002975,           0.0002975,           0.0002975
                  97,            0.011746,            0.013302,          0.00047018,               0.998,             0.99665,             0.99473,              0.9235,            0.010807,           0.0087582,          0.00029269,            0.000248,            0.000248,            0.000248
                  98,            0.011753,            0.013271,          0.00047445,               0.998,             0.99662,             0.99473,              0.9233,            0.010804,           0.0087566,          0.00029214,           0.0001985,           0.0001985,           0.0001985
                  99,            0.011619,            0.013122,          0.00045328,             0.99803,              0.9966,             0.99473,             0.92339,            0.010805,           0.0087571,          0.00029161,            0.000149,            0.000149,            0.000149
